{
  "_generated": "Generated by SweetTooth, do not edit",
  "description": "Allows customization of the date display in the panel.\n\nMight be especially useful if you're using a horizontal panel which does not at all work well with the default date display.\n\nCHANGELOG\nVersion 5: added support for multiple Dash To Panel panels\nVersion 6: fixed issues on earlier Gnome Shell versions\nVersion 10: fixed clock hover style (by bomdia)",
  "name": "Date Menu Formatter",
  "settings-schema": "org.gnome.shell.extensions.date-menu-formatter",
  "shell-version": [
    "40",
    "41",
    "42",
    "43",
    "44"
  ],
  "url": "https://github.com/marcinjakubowski/date-menu-formatter",
  "uuid": "date-menu-formatter@marcinjakubowski.github.com",
  "version": 10
}